E_MeV_u,LET_keV_um
0.1,0.087892496
0.101721502,0.087731792
0.10347264,0.087556527
0.105253924,0.087366585
0.107065873,0.087161885
0.108909014,0.086942379
0.110783886,0.086708056
0.112691033,0.086458951
0.114631011,0.086195139
0.116604387,0.085916749
0.118611734,0.085623964
0.120653638,0.085317026
0.122730693,0.084996239
0.124843505,0.084661977
0.126992689,0.0843145
0.129178871,0.08395388
0.131402688,0.083580209
0.133664788,0.083193622
0.13596583,0.082794302
0.138306485,0.082382478
0.140687435,0.081958438
0.143109372,0.081522527
0.145573003,0.081075153
0.148079046,0.080616794
0.15062823,0.080147976
0.153221298,0.079669019
0.155859007,0.079180134
0.158542123,0.078681568
0.161271429,0.078173613
0.164047721,0.077656608
0.166871806,0.077130944
0.169744508,0.076597065
0.172666664,0.076055476
0.175639124,0.075506733
0.178662756,0.074951312
0.181738439,0.074389656
0.184867071,0.073822256
0.188049561,0.073249658
0.191286839,0.072672466
0.194579846,0.072091347
0.197929543,0.071507035
0.201336904,0.070920269
0.204802924,0.07033143
0.208328611,0.069740759
0.211914993,0.069148509
0.215563114,0.06855495
0.219274038,0.067960363
0.223048846,0.067365047
0.226888637,0.066769302
0.23079453,0.066173381
0.234767663,0.065577526
0.238809194,0.064981987
0.2429203,0.06438702
0.247102178,0.063792889
0.251356048,0.063199859
0.255683148,0.062608161
0.260084739,0.062018004
0.264562104,0.061429598
0.269116547,0.060843151
0.273749394,0.060258867
0.278461996,0.059676957
0.283255726,0.05909765
0.28813198,0.058521177
0.293092179,0.057947764
0.298137767,0.057377636
0.303270216,0.056810984
0.308491019,0.056247916
0.313801699,0.055688502
0.319203803,0.055132794
0.324698904,0.054580817
0.330288603,0.05403257
0.335974529,0.053488021
0.341758338,0.052947106
0.347641716,0.052409723
0.353626376,0.051875809
0.359714062,0.051345524
0.365906548,0.050819072
0.372205637,0.050296649
0.378613166,0.049778442
0.385131,0.049264627
0.391761039,0.04875537
0.398505215,0.048250822
0.405365491,0.047751077
0.412343867,0.047256128
0.419442376,0.046765928
0.426663087,0.046280388
0.434008101,0.045799384
0.441479561,0.045322744
0.449079642,0.044850252
0.456810558,0.044381813
0.464674562,0.043917556
0.472673946,0.043457622
0.480811038,0.043002136
0.489088212,0.042551207
0.497507876,0.042104927
0.506072486,0.041663266
0.514784535,0.041225903
0.523646563,0.040792416
0.532661151,0.040362312
0.541830925,0.039935019
0.551158556,0.039509921
0.560646764,0.03908698
0.570298311,0.038666685
0.580116009,0.038249567
0.59010272,0.037836194
0.600261351,0.037427144
0.610594864,0.037022407
0.621106269,0.036621285
0.631798628,0.036222949
0.642675056,0.035826458
0.653738722,0.03543093
0.664992849,0.035036763
0.676440716,0.034645019
0.688085658,0.03425686
0.699931069,0.033873523
0.711980398,0.03349561
0.724237157,0.033122907
0.736704916,0.032755099
0.749387309,0.032391805
0.762288028,0.032032443
0.775410834,0.031676171
0.78875955,0.03132202
0.802338063,0.030969003
0.816150332,0.030617387
0.830200378,0.030268454
0.844492297,0.029923624
0.859030251,0.029583989
0.873818477,0.029249253
0.888861282,0.028918765
0.904163049,0.028591802
0.919728237,0.028267794
0.93556138,0.027946224
0.95166709,0.027626537
0.968050061,0.027308699
0.984715065,0.026993174
1.001666958,0.02668046
1.018910678,0.026370841
1.036451248,0.026064385
1.05429378,0.025761145
1.072443472,0.025461155
1.090905611,0.025164435
1.109685576,0.024870985
1.128788839,0.024580786
1.148220965,0.024293796
1.167987615,0.024009948
1.188094549,0.023729149
1.208547624,0.023451279
1.229352799,0.023176181
1.250516136,0.022903675
1.2720438,0.022633688
1.293942063,0.022366284
1.316217305,0.022101522
1.338876016,0.021839451
1.361924798,0.021580109
1.385370365,0.021323518
1.409219547,0.021069687
1.433479294,0.020818609
1.458156673,0.020570258
1.483258874,0.020324588
1.50879321,0.020081543
1.534767119,0.019841118
1.561188171,0.019603328
1.588064061,0.019368174
1.61540262,0.019135637
1.643211813,0.018905685
1.671499743,0.018678262
1.700274649,0.018453294
1.729544916,0.01823068
1.759319072,0.018010307
1.78960579,0.01779214
1.820413895,0.017576175
1.851752362,0.017362391
1.883630322,0.017150756
1.916057061,0.016941217
1.949042027,0.016733703
1.982594831,0.01652812
2.016725246,0.016324392
2.051443218,0.016122596
2.08675886,0.015922862
2.122682462,0.015725319
2.159224489,0.015530096
2.196395588,0.015337323
2.234206589,0.015147127
2.272668507,0.014959595
2.311792547,0.014774649
2.351590109,0.014592156
2.392072787,0.014411954
2.433252375,0.014233851
2.475140871,0.01405762
2.517750478,0.013883039
2.56109361,0.013710095
2.605182895,0.013538849
2.650031179,0.013369361
2.695651526,0.013201685
2.742057229,0.013035868
2.789261808,0.012871936
2.837279014,0.012709873
2.886122837,0.01254965
2.935807508,0.012391222
2.986347502,0.012234528
3.037757543,0.012079525
3.090052609,0.011926235
3.143247936,0.011774685
3.197359021,0.01162489
3.25240163,0.011476861
3.308391799,0.011330598
3.36534584,0.011186087
3.423280346,0.011043307
3.482212196,0.010902222
3.542158559,0.010762798
3.6031369,0.010625036
3.665164985,0.01048893
3.728260884,0.010354465
3.792442981,0.010221615
3.857729974,0.010090341
3.924140885,0.009960591
3.99169506,0.009832299
4.060412183,0.009705424
4.130312272,0.009579985
4.201415692,0.009455998
4.27374316,0.009333472
4.347315747,0.009212407
4.422154888,0.009092797
4.498282386,0.008974626
4.57572042,0.008857878
4.654491553,0.008742542
4.734618732,0.008628599
4.816125302,0.00851602
4.89903501,0.008404762
4.98337201,0.008294773
5.069160874,0.00818602
5.156426595,0.008078525
5.245194598,0.007972314
5.335490743,0.007867405
5.427341339,0.007763814
5.520773145,0.007661546
5.615813382,0.007560589
5.712489738,0.007460913
5.81083038,0.007362479
5.910863959,0.007265233
6.012619618,0.007169116
6.116127003,0.007074116
6.22141627,0.006980268
6.328518094,0.006887602
6.437463679,0.006796148
6.548284764,0.006705919
6.661013637,0.006616874
6.77568314,0.006528937
6.892326681,0.006442021
7.010978243,0.006356028
7.131672395,0.006270951
7.254444299,0.006186874
7.379329725,0.006103887
7.506365056,0.006022079
7.635587303,0.005941466
7.767034114,0.005861985
7.900743785,0.005783552
8.036755271,0.005706082
8.175108198,0.005629559
8.315842873,0.005554011
8.459000299,0.005479461
8.604622184,0.005405906
8.752750953,0.005333274
8.903429762,0.005261474
9.05670251,0.005190418
9.212613852,0.005120165
9.371209211,0.005050836
9.532534794,0.004982553
9.696637599,0.004915307
9.863565439,0.004848994
10.03336694,0.004783498
10.20609159,0.004718779
10.38178969,0.004654853
10.56051244,0.004591734
10.7423119,0.004529433
10.92724105,0.004467956
11.11535375,0.004407307
11.30670482,0.004347485
11.50135001,0.004288483
11.69934601,0.00423029
11.90075052,0.004172889
12.10562222,0.004116256
12.31402078,0.004060362
12.52600693,0.004005169
12.74164243,0.003950666
12.9609901,0.003896861
13.18411384,0.003843759
13.41107866,0.003791363
13.64195069,0.003739672
13.87679719,0.003688679
14.11568657,0.003638375
14.35868844,0.003588744
14.60587359,0.003539766
14.85731404,0.003491414
15.11308304,0.003443661
15.37325511,0.003396509
15.63790605,0.003349968
15.90711297,0.003304045
16.18095428,0.003258746
16.45950978,0.003214072
16.74286062,0.003170022
17.03108935,0.003126592
17.32427995,0.003083771
17.62251783,0.003041549
17.92588988,0.00299992
18.23448448,0.002958878
18.54839155,0.002918416
18.86770254,0.002878519
19.19251047,0.002839169
19.52290998,0.002800345
19.85899733,0.002762016
20.20087042,0.002724159
20.54862887,0.002686778
20.90237399,0.002649881
21.26220884,0.002613477
21.62823825,0.00257757
22.00056887,0.002542164
22.37930917,0.00250726
22.76456949,0.002472855
23.15646208,0.002438944
23.55510111,0.002405521
23.96060271,0.002372571
24.37308504,0.002340081
24.79266826,0.002308029
25.21947461,0.002276397
25.65362845,0.002245186
26.09525625,0.002214405
26.54448669,0.002184057
27.00145064,0.002154147
27.46628123,0.002124676
27.9391139,0.00209564
28.42008638,0.002067027
28.90933883,0.002038822
29.40701376,0.002011006
29.91325618,0.001983556
30.42821357,0.001956457
30.95203597,0.001929713
31.48487598,0.001903331
32.02688884,0.001877314
32.57823247,0.001851666
33.13906749,0.001826386
33.7095573,0.001801473
34.2898681,0.001776925
34.88016897,0.001752736
35.48063188,0.001728899
36.09143178,0.001705411
36.7127466,0.001682265
37.34475738,0.001659453
37.98764824,0.001636964
38.64160648,0.001614783
39.30682262,0.001592892
39.98349048,0.001571272
40.67180718,0.001549915
41.37197328,0.001528837
42.08419275,0.00150805
42.8086731,0.001487571
43.54562539,0.001467414
44.29526433,0.001447593
45.05780833,0.001428123
45.83347953,0.001408998
46.62250394,0.001390196
47.42511142,0.001371691
48.2415358,0.001353449
49.07201495,0.001335433
49.91679081,0.001317603
50.77610952,0.001299938
51.65022141,0.001282457
52.53938116,0.001265182
53.44384781,0.001248137
54.36388488,0.001231347
55.29976041,0.001214835
56.25174706,0.001198602
57.22012218,0.00118264
58.2051679,0.001166935
59.2071712,0.001151472
60.22642402,0.001136235
61.26322329,0.001121216
62.31787109,0.001106412
63.39067467,0.00109182
64.48194659,0.001077435
65.59200479,0.001063251
66.72117266,0.001049269
67.86977918,0.001035488
69.03815899,0.001021906
70.22665249,0.00100852
71.43560592,0.00099533
72.66537152,0.000982331
73.91630756,0.000969522
75.1887785,0.000956897
76.48315505,0.000944454
77.79981432,0.000932195
79.13913992,0.000920119
80.50152203,0.000908224
81.88735758,0.000896511
83.29705033,0.000884975
84.73101096,0.000873615
86.18965727,0.000862426
87.6734142,0.0008514
89.18271404,0.000840531
90.71799651,0.000829811
92.27970891,0.000819246
93.86830622,0.000808847
95.48425127,0.000798623
97.12801485,0.000788567
98.80007586,0.000778664
100.5009214,0.000768895
102.2310471,0.000759256
103.9909569,0.000749751
105.7811637,0.000740381
107.6021888,0.000731148
109.454563,0.000722054
111.3388258,0.000713098
113.2555262,0.00070428
115.2052227,0.0006956
117.1884833,0.000687056
119.2058857,0.000678645
121.2580178,0.000670363
123.3454774,0.000662205
125.4688726,0.000654166
127.6288221,0.000646244
129.8259552,0.000638441
132.060912,0.000630757
134.3343437,0.000623192
136.6469125,0.000615747
138.9992922,0.000608419
141.3921682,0.000601208
143.8262377,0.000594109
146.3022097,0.00058712
148.8208056,0.000580236
151.3827591,0.000573453
153.9888168,0.00056677
156.6397379,0.00056019
159.3362945,0.000553711
162.0792725,0.000547335
164.8694709,0.00054106
167.7077027,0.000534886
170.5947946,0.000528811
173.5315879,0.000522832
176.5189382,0.000516946
179.5577158,0.000511153
182.648806,0.000505453
185.7931094,0.000499844
188.991542,0.000494323
192.2450358,0.00048889
195.5545385,0.00048354
198.9210144,0.00047827
202.3454442,0.000473076
205.8288257,0.000467959
209.3721737,0.00046292
212.9765204,0.000457959
216.6429161,0.000453076
220.3724289,0.000448272
224.1661453,0.000443544
228.0251707,0.000438893
231.9506293,0.000434319
235.9436647,0.000429823
240.0054403,0.000425405
244.1371395,0.000421064
248.3399659,0.000416799
252.6151442,0.00041261
256.9639197,0.000408494
261.3875595,0.000404449
265.8873523,0.000400471
270.4646092,0.000396555
275.1206637,0.000392699
279.8568722,0.000388898
284.6746147,0.000385154
289.5752947,0.000381469
294.5603401,0.000377841
299.6312031,0.000374272
304.7893612,0.000370763
310.036317,0.000367312
315.3735994,0.000363922
320.8027631,0.000360591
326.3253901,0.00035732
331.9430892,0.000354108
337.6574971,0.000350953
343.4702787,0.000347856
349.3831274,0.000344813
355.397766,0.000341824
361.5159467,0.000338887
367.7394521,0.000336003
374.0700952,0.000333171
380.5097205,0.000330388
387.0602041,0.000327653
393.7234544,0.000324964
400.5014127,0.000322318
407.3960537,0.000319715
414.4093862,0.000317155
421.5434533,0.000314638
428.8003335,0.000312167
436.1821411,0.00030974
443.6910267,0.000307359
451.3291779,0.000305024
459.0988201,0.000302733
467.0022169,0.000300488
475.0416708,0.000298286
483.2195241,0.000296127
491.5381593,0.000294009
500,0.000291931
